,Ingredient,Count
0,oil,1515
1,ground,1271
2,pepper,1156
3,fresh,965
4,olive,902
5,garlic,822
6,black,715
7,red,701
8,butter,660
9,juice,653
10,leaves,650
11,lemon,647
12,extravirgin,616
13,cloves,564
14,white,517
15,vinegar,495
16,seeds,494
17,flour,405
18,powder,394
19,onion,393
20,vegetable,387
21,sauce,367
22,cream,337
23,lime,331
24,rice,315
25,dried,310
26,chicken,309
27,wine,295
28,allpurpose,293
29,eggs,283
30,green,281
31,vanilla,269
32,milk,259
33,coconut,258
34,ginger,255
35,brown,242
36,cilantro,237
37,baking,235
38,egg,231
39,cheese,228
40,parsley,225
41,tomatoes,225
42,dry,220
43,extract,212
44,honey,210
45,sesame,202
46,chile,170
47,clove,169
48,granulated,169
49,cinnamon,166
50,orange,165
51,paste,163
52,mustard,161
53,scallions,155
54,light,154
55,soy,153
56,chiles,151
57,thyme,150
58,mint,150
59,basil,149
60,heavy,145
61,yogurt,145
62,plain,143
63,sweet,142
64,beans,137
65,parmesan,134
66,cumin,134
67,bread,130
68,syrup,127
69,potatoes,124
70,apple,119
71,paprika,116
72,onions,116
73,raw,115
74,chocolate,114
75,stick,112
76,dark,108
77,soda,106
78,pork,106
79,dill,103
80,coriander,98
81,corn,98
82,wholemilk,97
83,cider,96
84,yellow,96
85,frozen,95
86,tomato,95
87,broth,92
88,oregano,92
89,smoked,91
90,greek,91
91,mayonnaise,90
92,celery,89
93,fennel,89
94,fine,89
95,bay,88
96,rosemary,88
97,virgin,86
98,baby,85
99,carrots,85
100,cherry,84
101,ribs,81
102,maple,78
103,turmeric,77
104,mushrooms,77
105,fish,77
106,dijon,75
107,serrano,74
108,sour,73
109,cayenne,72
110,avocado,72
111,grill,71
112,cucumbers,71
113,rounds,69
114,sherry,69
115,spice,68
116,chili,68
117,shallots,68
118,kale,67
119,bell,67
120,yolks,67
121,peppercorns,66
122,stalks,65
123,beef,65
124,lettuce,65
125,almonds,65
126,squash,64
127,shrimp,61
128,chives,61
129,radishes,60
130,persian,59
131,fillets,59
132,peppers,59
133,cardamom,58
134,cabbage,57
135,shallot,57
136,almond,57
137,bacon,57
138,chips,55
139,olives,55
140,italian,54
141,pasta,53
142,cocoa,53
143,spinach,53
144,gold,52
145,cornstarch,52
146,noodles,51
147,salmon,51
148,tahini,51
149,nutmeg,51
150,fresno,50
151,buttermilk,50
152,chickpeas,50
153,ricotta,49
154,japanese,49
155,canola,48
156,thai,48
157,peanut,48
158,pineapple,48
159,jalapeño,48
160,peanuts,48
161,peas,48
162,curry,47
163,organic,47
164,pumpkin,46
165,limes,46
166,miso,45
167,mozzarella,45
168,greens,45
169,cheddar,44
170,lemons,43
171,feta,42
172,zucchini,42
173,leaf,42
174,bean,42
175,pomegranate,41
176,walnuts,41
177,potato,40
178,yeast,39
179,grapeseed,39
180,pistachios,39
181,root,38
182,herbs,37
183,cucumber,37
184,aleppostyle,37
185,raisins,36
186,mild,36
187,yukon,36
188,wheat,35
189,sunflower,35
190,sage,35
191,capers,35
192,sausage,35
193,english,35
194,nuts,35
195,broccoli,35
196,lamb,35
197,breadcrumbs,35
198,golden,35
199,turkey,35
200,bittersweet,33
201,panko,33
202,oats,33
203,strawberries,33
204,ears,33
205,apples,33
206,pecans,32
207,peaches,32
208,allspice,32
209,arugula,32
210,tofu,32
211,kernels,31
212,bulb,31
213,tortillas,31
214,tarragon,31
215,pink,31
216,cherries,31
217,gin,30
218,leeks,30
219,grain,30
220,carrot,30
221,berries,29
222,tamari,29
223,fat,29
224,fronds,29
225,whites,29
226,canned,29
227,shiitake,29
228,bitters,29
229,breasts,29
230,rum,29
231,cooking,29
232,steak,29
233,romaine,28
234,spanish,28
235,butternut,28
236,anchovy,28
237,florets,28
238,cauliflower,28
239,grapefruit,28
240,vermouth,27
241,salsa,27
242,shoulder,27
243,pastry,27
244,molasses,27
245,sriracha,26
246,yolk,26
247,casings,26
248,chops,26
249,fullfat,26
250,wild,25
251,agave,25
252,new,25
253,natural,25
254,pale,25
255,dates,25
256,quart,25
257,distilled,25
258,cornmeal,25
259,flatleaf,25
260,seasoning,25
261,cranberries,25
262,soft,25
263,semisweet,24
264,cake,24
265,tuscan,24
266,seedless,24
267,snap,24
268,crème,24
269,hazelnuts,24
270,lentils,23
271,korean,23
272,worcestershire,23
273,rib,23
274,jar,23
275,hearts,23
276,cashews,23
277,sprig,23
278,matchsticks,23
279,steaks,23
280,pints,23
281,dough,23
282,pickled,23
283,grape,23
284,pods,23
285,sprouts,23
286,soaked,22
287,rye,22
288,fruit,22
289,liqueur,22
290,pecorino,22
291,sourdough,22
292,basmati,22
293,quinoa,22
294,beets,22
295,short,22
296,jalapeños,21
297,oranges,21
298,bourbon,21
299,nectar,21
300,farro,21
301,paper,21
302,broken,21
303,use,21
304,stalk,21
305,árbol,21
306,fraîche,21
307,skin,20
308,oyster,20
309,creamy,20
310,watermelon,20
311,tequila,20
312,balsamic,20
313,blueberries,20
314,breast,20
315,crusty,20
316,radicchio,20
317,caster,20
318,box,20
319,crumbs,20
320,scotch,20
321,mango,20
322,halves,20
323,thermometer,19
324,scallion,19
325,castelvetrano,19
326,crackers,19
327,warm,19
328,beer,19
329,jack,19
330,loaf,19
331,asparagus,19
332,legs,19
333,avocados,19
334,brine,19
335,strip,19
336,crimini,19
337,swiss,19
338,meat,19
339,chinese,18
340,ketchup,18
341,jam,18
342,round,18
343,curly,18
344,kimchi,18
345,russet,18
346,mirin,18
347,tea,18
348,topping,18
349,maldon,18
350,chia,18
351,horseradish,18
352,anise,18
353,vegan,18
354,tart,18
355,mix,18
356,chipotle,18
357,ancho,18
358,pine,17
359,daikon,17
360,chard,17
361,pepitas,17
362,champagne,17
363,cooker,17
364,condensed,17
365,rose,17
366,lemongrass,17
367,kefir,17
368,butt,17
369,boston,17
370,favorite,17
371,mandoline,17
372,buns,17
373,tops,17
374,hothouse,17
375,sumac,17
376,whipped,17
377,bottle,17
378,spaghetti,17
379,active,17
380,thigh,16
381,kashmiri,16
382,graham,16
383,blackberries,16
384,purple,16
385,ghee,16
386,plum,16
387,harissa,16
388,cookie,16
389,vegetables,16
390,shelled,16
391,shells,16
392,adobo,16
393,eggplants,15
394,jumbo,15
395,pickles,15
396,guajillo,15
397,masala,15
398,dryroasted,15
399,chorizo,15
400,maraschino,15
401,saffron,15
402,assorted,15
403,rolls,15
404,jasmine,15
405,roast,15
406,mezcal,15
407,baked,15
408,polenta,15
409,star,15
410,plums,15
411,goat,15
412,monterey,15
413,cutter,14
414,wheels,14
415,brandy,14
416,sheets,14
417,least,14
418,sambal,14
419,pie,14
420,romano,14
421,grater,14
422,habanero,14
423,brussels,14
424,gem,14
425,seasoned,14
426,bulbs,14
427,picked,14
428,cod,14
429,bags,14
430,barley,14
431,iceberg,14
432,fenugreek,14
433,discarded,14
434,banana,14
435,wings,14
436,chuck,13
437,oelek,13
438,palm,13
439,threads,13
440,bonnet,13
441,longgrain,13
442,drumstick,13
443,raspberries,13
444,gelatin,13
445,overnight,13
446,color,13
447,fried,13
448,inches,13
449,stem,13
450,bottom,13
451,spicy,13
452,apricots,13
453,shortgrain,13
454,gram,13
455,vodka,13
456,clams,13
457,halibut,13
458,angostura,13
459,coffee,13
460,sun,13
461,kidney,13
462,spelt,13
463,bass,12
464,currants,12
465,parmigianoreggiano,12
466,watercress,12
467,deepfry,12
468,cacao,12
469,club,12
470,bananas,12
471,maitake,12
472,collard,12
473,pancetta,12
474,back,12
475,cannellini,12
476,tin,12
477,marinated,12
478,grains,12
479,ham,12
480,style,12
481,slivered,12
482,eggplant,12
483,side,12
484,metal,12
485,medjool,12
486,brisket,12
487,broccolini,12
488,skewers,12
489,generous,12
490,need,12
491,table,12
492,washed,11
493,dal,11
494,also,11
495,delicata,11
496,halfandhalf,11
497,beefsteak,11
498,glutenfree,11
499,julienned,11
500,smooth,11
501,standard,11
502,shucked,11
503,candy,11
504,french,11
505,garam,11
506,demerara,11
507,tartar,11
508,baguette,11
509,two,11
510,holes,11
511,husks,11
512,meyer,11
513,escarole,11
514,springform,11
515,drumsticks,11
516,hemp,11
517,block,11
518,prosciutto,11
519,rigatoni,11
520,dish,11
521,acorn,11
522,sandwich,11
523,crunchy,11
524,rotisserie,10
525,zaatar,10
526,breakfast,10
527,gochujang,10
528,verde,10
529,fontina,10
530,sichuan,10
531,iodized,10
532,reducedsodium,10
533,larger,10
534,ribbons,10
535,coloring,10
536,cashew,10
537,tube,10
538,minutes,10
539,knife,10
540,flaked,10
541,button,10
542,flat,10
543,smith,10
544,spring,10
545,crab,10
546,bones,10
547,wafers,10
548,muffins,10
549,bibb,10
550,herb,10
551,queso,10
552,granny,10
553,campari,10
554,artichoke,10
555,whiskey,10
556,wholegrain,9
557,pitas,9
558,puff,9
559,lard,9
560,frosting,9
561,greekstyle,9
562,radish,9
563,racks,9
564,warmed,9
565,unwaxed,9
566,well,9
567,leg,9
568,wholewheat,9
569,cookies,9
570,applesauce,9
571,lady,9
572,wheel,9
573,peperoncini,9
574,core,9
575,poppy,9
576,crust,9
577,pressure,9
578,arborio,9
579,lean,9
580,anchovies,9
581,husked,9
582,trout,9
583,pans,9
584,mexican,9
585,tuna,9
586,much,9
587,tortilla,9
588,halloumi,9
589,blue,9
590,nori,9
591,muffin,9
592,figs,9
593,gruyère,9
594,tied,9
595,flesh,9
596,electric,9
597,flaxseed,9
598,envelope,9
599,sausages,9
600,shell,9
601,marjoram,9
602,splash,9
603,halfmoons,9
604,liquid,9
605,uncooked,9
606,strained,9
607,cane,9
608,strawberry,9
609,brioche,9
610,strings,9
611,roots,9
612,scallops,8
613,blanco,8
614,rhubarb,8
615,winter,8
616,icing,8
617,nutritional,8
618,seaweed,8
619,lbs,8
620,shiso,8
621,seed,8
622,xinch,8
623,stores,8
624,mature,8
625,tails,8
626,bone,8
627,inchdiameter,8
628,juniper,8
629,slow,8
630,filtered,8
631,jarred,8
632,summer,8
633,dressing,8
634,glass,8
635,savoy,8
636,labneh,8
637,relish,8
638,kombu,8
639,colors,8
640,sparkling,8
641,napa,8
642,kitchen,8
643,navel,8
644,available,8
645,ramen,8
646,batch,8
647,vermicelli,8
648,pits,8
649,asian,8
650,flavor,8
651,heat,8
652,sake,8
653,penne,8
654,lukewarm,8
655,york,8
656,honeycrisp,8
657,drumettes,8
658,cornichons,8
659,aperol,8
660,quantity,8
661,holland,8
662,quarters,8
663,himalayan,8
664,salad,8
665,quickcooking,8
666,endive,7
667,espresso,7
668,pita,7
669,plantbased,7
670,pizza,7
671,globe,7
672,liners,7
673,packaged,7
674,mildflavored,7
675,okra,7
676,pear,7
677,pea,7
678,pears,7
679,fresco,7
680,freerange,7
681,pecan,7
682,lowfat,7
683,disks,7
684,peeler,7
685,gala,7
686,lowmoisture,7
687,dolin,7
688,mangoes,7
689,flats,7
690,flank,7
691,fivespice,7
692,pickle,7
693,finegrind,7
694,pinto,7
695,lump,7
696,gochugaru,7
697,cranberry,7
698,turnips,7
699,sauerkraut,7
700,removable,7
701,square,7
702,ball,7
703,blender,7
704,soba,7
705,sanding,7
706,barbecue,7
707,bottled,7
708,cracker,7
709,purée,7
710,tenderloins,7
711,salata,7
712,candied,7
713,country,7
714,caraway,7
715,cotija,7
716,safflower,7
717,aminos,7
718,cooks,7
719,aged,7
720,grilled,7
721,amaro,7
722,cocktail,7
723,bouillon,7
724,poblano,7
725,snapper,7
726,verts,7
727,starter,7
728,skirt,7
729,squid,7
730,apricot,7
731,wedge,7
732,walnut,7
733,tomatillos,7
734,toppings,7
735,combination,7
736,crispy,7
737,inchlong,7
738,caramel,7
739,thickly,7
740,calabrian,6
741,parmigiano,6
742,parchment,6
743,american,6
744,basic,6
745,leaving,6
746,mushroom,6
747,roomtemperature,6
748,spears,6
749,clear,6
750,stone,6
751,dust,6
752,buckwheat,6
753,fèves,6
754,variety,6
755,arils,6
756,still,6
757,loin,6
758,waffle,6
759,center,6
760,classic,6
761,asafetida,6
762,unflavored,6
763,hummus,6
764,eye,6
765,san,6
766,base,6
767,citrus,6
768,hardboiled,6
769,giblets,6
770,kind,6
771,rolling,6
772,maras,6
773,nondairy,6
774,luxardo,6
775,flatbread,6
776,blanc,6
777,blade,6
778,haricots,6
779,processor,6
780,nectarines,6
781,pressed,6
782,ones,6
783,heart,6
784,best,6
785,granola,6
786,pistoles,6
787,bird,6
788,kabocha,6
789,cupcakes,6
790,poached,6
791,tip,6
792,gouda,6
793,deep,6
794,beet,6
795,roe,6
796,deseeded,6
797,skins,6
798,bonito,6
799,fingerling,6
800,allbutter,6
801,boiled,6
802,matcha,6
803,orecchiette,6
804,pearl,6
805,recommended,6
806,layer,6
807,puree,6
808,charcoal,6
809,truffle,6
810,smalldiced,6
811,blood,6
812,rabe,6
813,headon,6
814,del,6
815,qt,6
816,marshmallows,6
817,cheesecloth,6
818,plantains,5
819,moons,5
820,kalamata,5
821,hardy,5
822,spoon,5
823,extrasharp,5
824,balls,5
825,softly,5
826,balance,5
827,snow,5
828,molds,5
829,supply,5
830,mm,5
831,flanken,5
832,fireroasted,5
833,firmripe,5
834,tapioca,5
835,tenderloin,5
836,marzano,5
837,belgian,5
838,blackeyed,5
839,starch,5
840,third,5
841,marinara,5
842,biscuits,5
843,birdseye,5
844,together,5
845,flowers,5
846,tamarind,5
847,bok,5
848,four,5
849,tabasco,5
850,gomashio,5
851,franks,5
852,european,5
853,brand,5
854,mexico,5
855,strong,5
856,freezedried,5
857,micro,5
858,striped,5
859,straight,5
860,millet,5
861,milliliters,5
862,bars,5
863,evaporated,5
864,silken,5
865,necessary,5
866,part,5
867,without,5
868,iron,5
869,leafy,5
870,whitefish,5
871,coins,5
872,dip,5
873,roasting,5
874,jelly,5
875,parsnips,5
876,ramps,5
877,cobs,5
878,neck,5
879,indian,5
880,leek,5
881,wax,5
882,highquality,5
883,ciabatta,5
884,chutney,5
885,raspberry,5
886,cornbread,5
887,choy,5
888,crisp,5
889,cured,5
890,plymouth,5
891,achiote,5
892,cube,5
893,pounded,5
894,preserved,5
895,glutinous,5
896,crosscut,5
897,dayold,5
898,delicious,5
899,grilling,5
900,provolone,5
901,phyllo,5
902,decorate,5
903,decorating,5
904,lager,5
905,wooden,5
906,covered,5
907,drops,5
908,whipping,5
909,elbow,5
910,selfrising,5
911,edible,5
912,casarecce,5
913,shoots,5
914,earth,5
915,vidalia,5
916,slab,5
917,nut,5
918,shishito,5
919,oven,5
920,another,5
921,furikake,5
922,lima,5
923,fully,5
924,chickpea,5
925,arctic,5
926,hole,5
927,skillet,5
928,oat,5
929,full,5
930,frisée,4
931,aioli,4
932,kielbasa,4
933,urfa,4
934,lacinato,4
935,london,4
936,yams,4
937,macaroni,4
938,maguey,4
939,linguine,4
940,beluga,4
941,lillet,4
942,young,4
943,ziti,4
944,hoisin,4
945,accompaniment,4
946,unhulled,4
947,togarashi,4
948,foodcoloring,4
949,malted,4
950,vadouvan,4
951,heatproof,4
952,gelato,4
953,gel,4
954,frenched,4
955,want,4
956,freekeh,4
957,bartlett,4
958,look,4
959,loose,4
960,lemony,4
961,twine,4
962,arrowroot,4
963,gallon,4
964,vegetarian,4
965,bar,4
966,hellmanns,4
967,louisstyle,4
968,licorice,4
969,aka,4
970,basket,4
971,kohlrabi,4
972,fusilli,4
973,lavash,4
974,towels,4
975,malt,4
976,bundt,4
977,manchego,4
978,chickens,4
979,dont,4
980,salami,4
981,paneer,4
982,juiced,4
983,chunky,4
984,cholula,4
985,scraped,4
986,second,4
987,duck,4
988,segments,4
989,sel,4
990,separate,4
991,sizes,4
992,shaken,4
993,ear,4
994,shallow,4
995,shaoxing,4
996,chartreuse,4
997,shavings,4
998,shellon,4
999,cereal,4
1000,shortening,4
1001,centercut,4
1002,bigbatch,4
1003,runs,4
1004,jicama,4
1005,rounded,4
1006,coating,4
1007,pod,4
1008,popcorn,4
1009,crusts,4
1010,pistachio,4
1011,preserves,4
1012,cremini,4
1013,pin,4
1014,crema,4
1015,prosecco,4
1016,pullman,4
1017,petals,4
1018,pesto,4
1019,great,4
1020,peppadew,4
1021,rack,4
1022,ramekins,4
1023,container,4
1024,di,4
1025,irregular,4
1026,rendered,4
1027,ribeye,4
1028,ricer,4
1029,coconutturmeric,4
1030,sirloin,4
1031,rainbow,4
1032,elderflower,4
1033,breadandbutter,4
1034,skim,4
1035,melting,4
1036,melon,4
1037,sushi,4
1038,find,4
1039,bottles,4
1040,hotsmoked,4
1041,bodies,4
1042,mascarpone,4
1043,hamburger,4
1044,tentacles,4
1045,marmalade,4
1046,hand,4
1047,kept,4
1048,marinade,4
1049,margarine,4
1050,thirds,4
1051,bits,4
1052,flaxseeds,4
1053,three,4
1054,flounder,4
1055,manila,4
1056,honeydew,4
1057,braeburn,4
1058,superfinecaster,4
1059,stripped,4
1060,st,4
1061,kaffir,4
1062,smaller,4
1063,cara,4
1064,caps,4
1065,cantaloupe,4
1066,spareribs,4
1067,mussels,4
1068,multigrain,4
1069,sprinkles,4
1070,stoneground,4
1071,burrata,4
1072,butterflied,4
1073,plastic,4
1074,hours,4
1075,fermented,4
1076,stirfry,4
1077,stew,4
1078,brushed,4
1079,hungarian,3
1080,hints,3
1081,jars,3
1082,juices,3
1083,kamut,3
1084,knob,3
1085,instantread,3
1086,keeping,3
1087,icecold,3
1088,icepop,3
1089,inchcm,3
1090,absinthe,3
1091,lavender,3
1092,slowcooker,3
1093,taco,3
1094,swordfish,3
1095,sugarcane,3
1096,sticky,3
1097,steelcut,3
1098,squares,3
1099,sprinkle,3
1100,specialty,3
1101,sous,3
1102,soup,3
1103,sorghum,3
1104,snipped,3
1105,slivers,3
1106,tap,3
1107,skewer,3
1108,single,3
1109,semolina,3
1110,seltzer,3
1111,season,3
1112,schmaltz,3
1113,saltpacked,3
1114,rough,3
1115,roti,3
1116,rooibos,3
1117,rinds,3
1118,remove,3
1119,tale,3
1120,tellicherry,3
1121,leave,3
1122,vinaigrette,3
1123,wraps,3
1124,wrappers,3
1125,work,3
1126,woody,3
1127,wood,3
1128,wing,3
1129,wildcaught,3
1130,wholemeal,3
1131,whisked,3
1132,wavy,3
1133,waterpacked,3
1134,vinegarbased,3
1135,vide,3
1136,tendrils,3
1137,urad,3
1138,untrimmed,3
1139,unrefined,3
1140,unfiltered,3
1141,type,3
1142,turkish,3
1143,towel,3
1144,tomatillo,3
1145,tolerated,3
1146,tips,3
1147,tightly,3
1148,thanksgiving,3
1149,reggiano,3
1150,refried,3
1151,quarter,3
1152,marnier,3
1153,nduja,3
1154,navy,3
1155,muscle,3
1156,morita,3
1157,microwave,3
1158,microplane,3
1159,meringue,3
1160,medal,3
1161,master,3
1162,masoor,3
1163,masa,3
1164,marsala,3
1165,market,3
1166,puréed,3
1167,makrut,3
1168,maker,3
1169,make,3
1170,maggi,3
1171,lychees,3
1172,lowsalt,3
1173,louisianastyle,3
1174,liters,3
1175,lid,3
1176,less,3
1177,lengths,3
1178,lebanese,3
1179,nonfat,3
1180,nosaltadded,3
1181,nutella,3
1182,omit,3
1183,prunes,3
1184,protein,3
1185,prime,3
1186,pretzels,3
1187,portobello,3
1188,porcini,3
1189,plate,3
1190,pith,3
1191,piping,3
1192,piloncillo,3
1193,peychauds,3
1194,per,3
1195,pepperoni,3
1196,peach,3
1197,pastureraised,3
1198,pasilla,3
1199,pappardelle,3
1200,papaya,3
1201,palegreen,3
1202,pad,3
1203,packet,3
1204,pack,3
1205,paccheri,3
1206,oysters,3
1207,oreos,3
1208,heated,3
1209,ﬂour,3
1210,casing,3
1211,extraflaky,3
1212,fairy,3
1213,grassfed,3
1214,grapes,3
1215,grapefruits,3
1216,granules,3
1217,grand,3
1218,cassava,3
1219,date,3
1220,dang,3
1221,asiago,3
1222,ask,3
1223,concentrate,3
1224,cynar,3
1225,chipotles,3
1226,cutters,3
1227,aonori,3
1228,gray,3
1229,cutlets,3
1230,annatto,3
1231,carnaroli,3
1232,amaretti,3
1233,amaretto,3
1234,amchoor,3
1235,equal,3
1236,brie,3
1237,amys,3
1238,brewed,3
1239,anaheim,3
1240,angel,3
1241,bratwurst,3
1242,grinder,3
1243,excess,3
1244,debearded,3
1245,grey,3
1246,boil,3
1247,curd,3
1248,cointreau,3
1249,char,3
1250,fleur,3
1251,fuyu,3
1252,corona,3
1253,fuji,3
1254,fluted,3
1255,batons,3
1256,bestquality,3
1257,fondant,3
1258,foods,3
1259,chervil,3
1260,freezer,3
1261,crabmeat,3
1262,crawfish,3
1263,fragrant,3
1264,found,3
1265,flax,3
1266,cordial,3
1267,concord,3
1268,galangal,3
1269,backbone,3
1270,glaze,3
1271,chaat,3
1272,finger,3
1273,challah,3
1274,chillies,3
1275,fino,3
1276,germ,3
1277,bitesized,3
1278,gemelli,3
1279,gas,3
1280,fitted,3
1281,cool,3
1282,garbanzo,3
1283,flatcut,3
1284,buffalo,3
1285,fork,3
1286,deepfrying,3
1287,dr,3
1288,drycured,3
1289,directions,3
1290,either,3
1291,desiccated,3
1292,butcher,3
1293,coco,3
1294,hands,3
1295,handfuls,3
1296,ackee,3
1297,double,3
1298,dutchprocessed,3
1299,calamansi,3
1300,cob,3
1301,ducklings,3
1302,digestive,3
1303,earl,3
1304,coated,3
1305,clementines,3
1306,dissolved,3
1307,disposable,3
1308,matzo,2
1309,thinsliced,2
1310,finishing,2
1311,spiced,2
1312,mastic,2
1313,pouringlight,2
1314,fins,2
1315,chamomile,2
1316,bitter,2
1317,chana,2
1318,softenedabout,2
1319,calabaza,2
1320,power,2
1321,dinosaur,2
1322,dipping,2
1323,marzipan,2
1324,maui,2
1325,cubeb,2
1326,spices,2
1327,blond,2
1328,pockets,2
1329,point,2
1330,mes,2
1331,meringues,2
1332,blowtorch,2
1333,merguez,2
1334,shortcut,2
1335,blossoms,2
1336,pollen,2
1337,shortbread,2
1338,mein,2
1339,ceramic,2
1340,thins,2
1341,pomegranates,2
1342,popover,2
1343,mediumlarge,2
1344,mediumgrind,2
1345,mediumgrain,2
1346,blindbaked,2
1347,dinner,2
1348,blended,2
1349,martins,2
1350,meatballs,2
1351,crystallized,2
1352,prat,2
1353,precooked,2
1354,prawn,2
1355,solid,2
1356,shape,2
1357,beverage,2
1358,pricked,2
1359,dog,2
1360,shanks,2
1361,fong,2
1362,berbere,2
1363,solids,2
1364,doenjang,2
1365,tone,2
1366,tonkatsu,2
1367,made,2
1368,dishes,2
1369,machine,2
1370,macaroons,2
1371,toor,2
1372,creamer,2
1373,belly,2
1374,provence,2
1375,forced,2
1376,somen,2
1377,luster,2
1378,passata,2
1379,bee,2
1380,soppressata,2
1381,bicarbonate,2
1382,focaccia,2
1383,prawns,2
1384,cress,2
1385,called,2
1386,cupsml,2
1387,prefer,2
1388,flatbreads,2
1389,spare,2
1390,sole,2
1391,biscuit,2
1392,tilapia,2
1393,time,2
1394,times,2
1395,marcona,2
1396,pamplemousse,2
1397,dozen,2
1398,pandan,2
1399,tins,2
1400,manzanilla,2
1401,tiny,2
1402,sheeps,2
1403,flower,2
1404,chardonnay,2
1405,fluffy,2
1406,calvados,2
1407,toast,2
1408,panroasted,2
1409,pretzel,2
1410,filets,2
1411,bobs,2
1412,poaching,2
1413,squeeze,2
1414,brick,2
1415,piave,2
1416,needles,2
1417,streaky,2
1418,okay,2
1419,piccante,2
1420,egyptian,2
1421,espelette,2
1422,breastbone,2
1423,pick,2
1424,slider,2
1425,demi,2
1426,butterball,2
1427,extralarge,2
1428,buttercream,2
1429,dense,2
1430,slicer,2
1431,easy,2
1432,nardello,2
1433,sub,2
1434,oolong,2
1435,slender,2
1436,pickling,2
1437,capellini,2
1438,must,2
1439,extracted,2
1440,strands,2
1441,burger,2
1442,decoration,2
1443,peppermint,2
1444,defrosted,2
1445,smallmedium,2
1446,bucatini,2
1447,perilla,2
1448,enoki,2
1449,carcass,2
1450,northern,2
1451,stevia,2
1452,persimmon,2
1453,persimmons,2
1454,browns,2
1455,brownie,2
1456,noodle,2
1457,nonino,2
1458,person,2
1459,stillwarm,2
1460,el,2
1461,stockpot,2
1462,stoned,2
1463,brined,2
1464,pepperoncini,2
1465,nigella,2
1466,nielsenmassey,2
1467,store,2
1468,oaxaca,2
1469,sprouted,2
1470,day,2
1471,shown,2
1472,fava,2
1473,castiron,2
1474,soak,2
1475,farms,2
1476,bother,2
1477,mizuna,2
1478,six,2
1479,mixture,2
1480,fastacting,2
1481,bosc,2
1482,original,2
1483,mission,2
1484,spreading,2
1485,similar,2
1486,muscles,2
1487,silver,2
1488,spooned,2
1489,silk,2
1490,cap,2
1491,tajín,2
1492,siembra,2
1493,cuts,2
1494,softabout,2
1495,fettuccine,2
1496,englishstyle,2
1497,shoyu,2
1498,softboiled,2
1499,skewered,2
1500,farmers,2
1501,castelfranco,2
1502,bought,2
1503,slaw,2
1504,orangefleshed,2
1505,multicolored,2
1506,pigeon,2
1507,capacity,2
1508,pilsner,2
1509,pilsnerstyle,2
1510,sundried,2
1511,peasant,2
1512,boxdrained,2
1513,skippy,2
1514,dutch,2
1515,super,2
1516,clinging,2
1517,supermarkets,2
1518,pimiento,2
1519,cabbages,2
1520,moroccan,2
1521,puffed,2
1522,dumpling,2
1523,moong,2
1524,pinches,2
1525,cassia,2
1526,dashi,2
1527,monkfish,2
1528,pulled,2
1529,madagascar,2
1530,disk,2
1531,wondra,2
1532,averna,2
1533,kneading,2
1534,aisle,2
1535,hair,2
1536,chipotleorange,2
1537,kirsch,2
1538,haddock,2
1539,kirby,2
1540,refined,2
1541,huy,2
1542,asianstyle,2
1543,sablé,2
1544,chlorella,2
1545,kettlestyle,2
1546,ashanti,2
1547,vida,2
1548,asafoetida,2
1549,gorgonzola,2
1550,asadero,2
1551,ají,2
1552,wonton,2
1553,gourmet,2
1554,grade,2
1555,keep,2
1556,comté,2
1557,reducedsalt,2
1558,scoops,2
1559,works,2
1560,ingredient,2
1561,seafood,2
1562,usually,2
1563,recipes,2
1564,honeynut,2
1565,labne,2
1566,uziza,2
1567,vacuumsealable,2
1568,la,2
1569,honeyvanilla,2
1570,kumquats,2
1571,rectangular,2
1572,xanthan,2
1573,roll,2
1574,valles,2
1575,go,2
1576,kombucha,2
1577,scrambled,2
1578,cognac,2
1579,chioggia,2
1580,variation,2
1581,varieties,2
1582,ahead,2
1583,redskinned,2
1584,various,2
1585,guthealing,2
1586,katsuobushi,2
1587,handheld,2
1588,gum,2
1589,griddle,2
1590,jalapeno,2
1591,jaggery,2
1592,waxy,2
1593,clam,2
1594,weight,2
1595,guacamole,2
1596,rich,2
1597,wellmarbled,2
1598,gruyèrestyle,2
1599,wellshaken,2
1600,sandwichsize,2
1601,whatever,2
1602,chunk,2
1603,amontillado,2
1604,inchwide,2
1605,whisk,2
1606,instructions,2
1607,incm,2
1608,allnatural,2
1609,salty,2
1610,along,2
1611,amaranth,2
1612,citric,2
1613,aluminumfree,2
1614,jamaican,2
1615,anjou,2
1616,japanesestyle,2
1617,julienne,2
1618,armenian,2
1619,chocolatecovered,2
1620,grainy,2
1621,ideally,2
1622,combined,2
1623,savory,2
1624,rock,2
1625,wafer,2
1626,replacer,2
1627,resealable,2
1628,wakame,2
1629,grate,2
1630,colmans,2
1631,walla,2
1632,savarin,2
1633,sauvignon,2
1634,rhum,2
1635,aleppo,2
1636,alfalfa,2
1637,jimmy,2
1638,jimmies,2
1639,inchbyinch,2
1640,gravy,2
1641,wasabi,2
1642,backbones,2
1643,info,2
1644,lagerstyle,2
1645,high,2
1646,semipearled,2
1647,hawaij,2
1648,lined,2
1649,line,2
1650,turbinado,2
1651,turbot,2
1652,across,2
1653,count,2
1654,hibiscus,2
1655,hickory,2
1656,quick,2
1657,rosé,2
1658,semipolished,2
1659,chicory,2
1660,hanger,2
1661,seedy,2
1662,barberries,2
1663,cornflakes,2
1664,leveled,2
1665,corned,2
1666,cores,2
1667,udon,2
1668,roses,2
1669,add,2
1670,tubular,2
1671,fridgecold,2
1672,chilelime,2
1673,zucchinis,2
1674,pulp,2
1675,heaped,2
1676,lopez,2
1677,fraiche,2
1678,puna,2
1679,frenchs,2
1680,ﬁne,2
1681,punt,2
1682,log,2
1683,triangles,2
1684,rubbed,2
1685,triple,2
1686,herbes,2
1687,accompaniments,2
1688,trumpet,2
1689,ruby,2
1690,live,2
1691,chestnuts,2
1692,acid,2
1693,zested,2
1694,chex,2
1695,zatarains,2
1696,quality,2
1697,fridge,2
1698,unavailable,2
1699,youll,2
1700,xx,2
1701,real,2
1702,sec,2
1703,seasonal,2
1704,clementine,2
1705,bagels,2
1706,gingerflavored,2
1707,baharat,2
1708,coconutflavored,2
1709,rashers,2
1710,baguettes,2
1711,untied,2
1712,giblet,2
1713,largediced,2
1714,giffard,2
1715,gigante,2
1716,confit,2
1717,chilli,2
1718,agar,2
1719,german,2
1720,cockles,2
1721,section,2
1722,adjustableblade,2
1723,hominy,2
1724,lairds,2
1725,chilies,2
1726,runner,2
1727,uncured,2
1728,sections,2
1729,unsmoked,2
1730,lemonade,2
1731,lengthways,2
1732,unseeded,2
1733,hass,2
1734,hardwood,2
1735,chimney,2
1736,readyrolled,2
1737,chiligarlic,2
1738,bamboo,2
1739,smalltomedium,1
1740,claws,1
1741,somewhat,1
1742,rump,1
1743,clabber,1
1744,citrusy,1
1745,somali,1
1746,canela,1
1747,caramels,1
1748,sopressata,1
1749,canes,1
1750,sorbet,1
1751,rub,1
1752,cant,1
1753,citron,1
1754,salep,1
1755,smallish,1
1756,sagardo,1
1757,soften,1
1758,smoker,1
1759,snacks,1
1760,candystripe,1
1761,sold,1
1762,class,1
1763,caper,1
1764,cappellini,1
1765,ruler,1
1766,snapped,1
1767,smoky,1
1768,rudy,1
1769,rústico,1
1770,smash,1
1771,solera,1
1772,capsule,1
1773,snappers,1
1774,smoke,1
1775,clarified,1
1776,cape,1
1777,claw,1
1778,rutabagas,1
1779,caramelized,1
1780,clamato,1
1781,rutabaga,1
1782,several,1
1783,cipollini,1
1784,sheetsleaves,1
1785,chilean,1
1786,chanterelle,1
1787,shellfish,1
1788,sediment,1
1789,seconds,1
1790,shelling,1
1791,chill,1
1792,chambord,1
1793,shichimi,1
1794,shimeji,1
1795,shio,1
1796,seasnax,1
1797,shirataki,1
1798,chai,1
1799,shito,1
1800,ceylon,1
1801,sealing,1
1802,shop,1
1803,shopbought,1
1804,sealable,1
1805,shortcrust,1
1806,chine,1
1807,central,1
1808,chanterelles,1
1809,chiffonade,1
1810,salting,1
1811,sheepsmilk,1
1812,set,1
1813,cheezits,1
1814,shaker,1
1815,shaking,1
1816,cheeses,1
1817,cheesecake,1
1818,chefs,1
1819,servings,1
1820,cherryvanillaswirl,1
1821,separately,1
1822,cheats,1
1823,shanghai,1
1824,shank,1
1825,semiseet,1
1826,chayote,1
1827,semifirm,1
1828,shards,1
1829,shave,1
1830,chicharrones,1
1831,selim,1
1832,shears,1
1833,chichicapa,1
1834,selfraising,1
1835,celray,1
1836,cellophane,1
1837,cedar,1
1838,cbd,1
1839,casalingo,1
1840,slabs,1
1841,choose,1
1842,chop,1
1843,sleeve,1
1844,chow,1
1845,saucepan,1
1846,slicedsee,1
1847,chowchow,1
1848,satay,1
1849,sliders,1
1850,slit,1
1851,sardines,1
1852,carrs,1
1853,chèvre,1
1854,carpano,1
1855,sand,1
1856,ciliegini,1
1857,cinder,1
1858,carnation,1
1859,slowcooked,1
1860,cipolline,1
1861,slowroasted,1
1862,skor,1
1863,cascabel,1
1864,save,1
1865,cava,1
1866,shuk,1
1867,cavolo,1
1868,caviar,1
1869,sides,1
1870,scooped,1
1871,scoop,1
1872,sieve,1
1873,sifting,1
1874,cavatappi,1
1875,scalloped,1
1876,cathead,1
1877,saved,1
1878,chiu,1
1879,sixths,1
1880,catfish,1
1881,scales,1
1882,scaled,1
1883,sb,1
1884,shado,1
1885,sawsawan,1
1886,skinned,1
1887,savorytosweet,1
1888,casserole,1
1889,bow,1
1890,candlenuts,1
1891,barbecued,1
1892,uncut,1
1893,banks,1
1894,uncle,1
1895,unblanched,1
1896,unbaked,1
1897,umbrellas,1
1898,ultrapasteurized,1
1899,tzatziki,1
1900,twopiece,1
1901,aïoli,1
1902,twizzlers,1
1903,barhi,1
1904,twelve,1
1905,tvorog,1
1906,barolo,1
1907,basbaas,1
1908,baseballsize,1
1909,based,1
1910,underripe,1
1911,undiluted,1
1912,undrained,1
1913,ballto,1
1914,valencia,1
1915,vago,1
1916,añejo,1
1917,usukuchi,1
1918,us,1
1919,badjak,1
1920,upland,1
1921,unwrapped,1
1922,unthawed,1
1923,unsulfured,1
1924,unrolled,1
1925,unroasted,1
1926,unripe,1
1927,unpasteurized,1
1928,unmarinated,1
1929,bake,1
1930,unfrenched,1
1931,turkeys,1
1932,basquestyle,1
1933,tumeric,1
1934,tostadas,1
1935,beefeater,1
1936,torch,1
1937,beignets,1
1938,beni,1
1939,toounce,1
1940,tonic,1
1941,bens,1
1942,tomatoclam,1
1943,berriesraspberries,1
1944,besan,1
1945,togram,1
1946,bialys,1
1947,toffee,1
1948,tobanjan,1
1949,toban,1
1950,toastedcoconut,1
1951,tk,1
1952,tostada,1
1953,totally,1
1954,tukmaria,1
1955,toulouse,1
1956,tubes,1
1957,batter,1
1958,tub,1
1959,tteok,1
1960,tsps,1
1961,tsppacked,1
1962,bayley,1
1963,beansandor,1
1964,trinidad,1
1965,trick,1
1966,treviso,1
1967,trays,1
1968,tray,1
1969,transfer,1
1970,trace,1
1971,beards,1
1972,beautiful,1
1973,valley,1
1974,awaze,1
1975,sorrel,1
1976,winesap,1
1977,airy,1
1978,ajat,1
1979,ajowan,1
1980,ale,1
1981,within,1
1982,wiped,1
1983,wingettes,1
1984,allbeef,1
1985,alligator,1
1986,veal,1
1987,wilt,1
1988,wildflower,1
1989,widthwise,1
1990,alternative,1
1991,wholesome,1
1992,aluminum,1
1993,amado,1
1994,whiteshelled,1
1995,airtight,1
1996,wrapping,1
1997,xanh,1
1998,xcm,1
1999,ﬂakes,1
2000,acacia,1
2001,zucca,1
2002,yu,1
2003,youve,1
2004,activated,1
2005,youd,1
2006,activedry,1
2007,added,1
2008,yola,1
2009,yeo,1
2010,yellowfleshed,1
2011,adjusted,1
2012,agaragar,1
2013,yakinori,1
2014,xing,1
2015,agrodolce,1
2016,whitered,1
2017,amarena,1
2018,amarillo,1
2019,visible,1
2020,violette,1
2021,vineripened,1
2022,vinegared,1
2023,arrack,1
2024,vine,1
2025,artisan,1
2026,vietnamese,1
2027,vertical,1
2028,version,1
2029,veins,1
2030,vegizest,1
2031,veggies,1
2032,veggie,1
2033,vegetarians,1
2034,australian,1
2035,average,1
2036,avo,1
2037,arette,1
2038,aquafaba,1
2039,amarone,1
2040,appleswe,1
2041,americanstyle,1
2042,amount,1
2043,wet,1
2044,wellseasoned,1
2045,weights,1
2046,weed,1
2047,aniseed,1
2048,annas,1
2049,anniversary,1
2050,wash,1
2051,anson,1
2052,antica,1
2053,ware,1
2054,aout,1
2055,applegate,1
2056,wagyu,1
2057,applejack,1
2058,bigger,1
2059,bigs,1
2060,tinted,1
2061,stemon,1
2062,bronze,1
2063,brothers,1
2064,stilton,1
2065,browned,1
2066,stickyrice,1
2067,stewing,1
2068,bruised,1
2069,stencil,1
2070,brush,1
2071,tinapa,1
2072,steep,1
2073,buds,1
2074,bulgarian,1
2075,starshaped,1
2076,bulgur,1
2077,staranise,1
2078,bulk,1
2079,standing,1
2080,brinecured,1
2081,bright,1
2082,bricks,1
2083,straws,1
2084,brads,1
2085,braised,1
2086,braising,1
2087,sukiyakistyle,1
2088,sukang,1
2089,suggested,1
2090,sugarwater,1
2091,bramley,1
2092,substituted,1
2093,bran,1
2094,sturdy,1
2095,strongtasting,1
2096,bream,1
2097,stripes,1
2098,brewers,1
2099,string,1
2100,streamers,1
2101,bulldog,1
2102,stand,1
2103,stamens,1
2104,spinacharugula,1
2105,spider,1
2106,cajun,1
2107,cakes,1
2108,speckled,1
2109,california,1
2110,spatulas,1
2111,callaloo,1
2112,spanishstyle,1
2113,caloric,1
2114,spam,1
2115,soybeans,1
2116,soybean,1
2117,camembert,1
2118,campbells,1
2119,campfire,1
2120,canadian,1
2121,candies,1
2122,caesar,1
2123,spiralized,1
2124,bunashimeji,1
2125,spiralshaped,1
2126,bundle,1
2127,burgersized,1
2128,squeezing,1
2129,squashes,1
2130,buttercup,1
2131,spun,1
2132,butterfat,1
2133,sprouting,1
2134,butterscotch,1
2135,buy,1
2136,springs,1
2137,bénédictine,1
2138,cabernet,1
2139,spotted,1
2140,cachaça,1
2141,caciocavallo,1
2142,spirulina,1
2143,sunbutter,1
2144,sunchoke,1
2145,sunchokes,1
2146,thicker,1
2147,bleached,1
2148,thaw,1
2149,thaistyle,1
2150,texas,1
2151,tesoro,1
2152,teriyaki,1
2153,bliss,1
2154,tepid,1
2155,blitzed,1
2156,blocks,1
2157,blossom,1
2158,ten,1
2159,temp,1
2160,teleme,1
2161,tbspml,1
2162,tatsoi,1
2163,tatin,1
2164,theyre,1
2165,blackberry,1
2166,tartlet,1
2167,thickness,1
2168,bihon,1
2169,tiki,1
2170,biscuitscookies,1
2171,tie,1
2172,bison,1
2173,thumbsized,1
2174,thumblength,1
2175,ths,1
2176,throw,1
2177,bite,1
2178,thread,1
2179,thoroughly,1
2180,thomcord,1
2181,bittermans,1
2182,thinskinned,1
2183,thincut,1
2184,bittersweetchocolate,1
2185,tasty,1
2186,blueberriesto,1
2187,sunnyside,1
2188,bonne,1
2189,boquerones,1
2190,switch,1
2191,sweettart,1
2192,sweets,1
2193,sweetness,1
2194,sweeter,1
2195,sweetener,1
2196,sweeten,1
2197,swedish,1
2198,swanson,1
2199,suze,1
2200,sushigrade,1
2201,boulestyle,1
2202,sure,1
2203,supreme,1
2204,bouquet,1
2205,supersoft,1
2206,sōmen,1
2207,boneon,1
2208,blueberry,1
2209,tablet,1
2210,boar,1
2211,tarbais,1
2212,board,1
2213,tapatío,1
2214,tanqueray,1
2215,tangy,1
2216,tangerines,1
2217,tandoori,1
2218,bockwurst,1
2219,talenti,1
2220,taleggio,1
2221,boiler,1
2222,bologna,1
2223,tail,1
2224,bols,1
2225,tagliatelle,1
2226,bonded,1
2227,rrated,1
2228,hearty,1
2229,clotted,1
2230,follower,1
2231,makeahead,1
2232,fonio,1
2233,mahimahi,1
2234,foodgrade,1
2235,maesri,1
2236,madras,1
2237,madness,1
2238,foot,1
2239,macapuno,1
2240,macadamia,1
2241,maca,1
2242,lyles,1
2243,lye,1
2244,forest,1
2245,lustau,1
2246,lumpy,1
2247,forget,1
2248,lumaconi,1
2249,luis,1
2250,making,1
2251,malaysian,1
2252,flameproof,1
2253,maldive,1
2254,flatfish,1
2255,flavored,1
2256,flavoring,1
2257,flavors,1
2258,marbled,1
2259,maraska,1
2260,floury,1
2261,manzanos,1
2262,manischewitz,1
2263,manis,1
2264,mangos,1
2265,floz,1
2266,flute,1
2267,mandolin,1
2268,mandarin,1
2269,maman,1
2270,mam,1
2271,fogo,1
2272,foil,1
2273,lox,1
2274,form,1
2275,fortaleza,1
2276,forturkey,1
2277,fuhrmans,1
2278,lilac,1
2279,lightmolasses,1
2280,lightflavored,1
2281,lighter,1
2282,lightcolored,1
2283,fullsour,1
2284,ligament,1
2285,gaeta,1
2286,licor,1
2287,libbys,1
2288,leveling,1
2289,level,1
2290,abv,1
2291,gai,1
2292,letherbee,1
2293,let,1
2294,gallo,1
2295,lentil,1
2296,fudge,1
2297,fruits,1
2298,fritos,1
2299,livers,1
2300,free,1
2301,freestone,1
2302,logs,1
2303,locust,1
2304,lobsters,1
2305,lobster,1
2306,loaves,1
2307,freshground,1
2308,liver,1
2309,lines,1
2310,litre,1
2311,friand,1
2312,liter,1
2313,list,1
2314,liquor,1
2315,link,1
2316,linguiça,1
2317,frijoles,1
2318,maris,1
2319,flamed,1
2320,garlicherb,1
2321,mincemeat,1
2322,fearless,1
2323,fed,1
2324,fee,1
2325,mildtasting,1
2326,mildly,1
2327,feel,1
2328,milder,1
2329,fermentedsoybean,1
2330,midribs,1
2331,fernetbranca,1
2332,microwavable,1
2333,ferrand,1
2334,microgreens,1
2335,miche,1
2336,mg,1
2337,mezzi,1
2338,mezze,1
2339,ff,1
2340,field,1
2341,mills,1
2342,mined,1
2343,flame,1
2344,minimum,1
2345,moonphase,1
2346,mooncharged,1
2347,montrealstyle,1
2348,farmer,1
2349,montenegro,1
2350,monte,1
2351,molokhieh,1
2352,mole,1
2353,mold,1
2354,farmfresh,1
2355,modelo,1
2356,mochiko,1
2357,mmthick,1
2358,mloz,1
2359,miyokos,1
2360,misua,1
2361,fatfree,1
2362,fatty,1
2363,fave,1
2364,fig,1
2365,mexicanstyle,1
2366,method,1
2367,methi,1
2368,measuring,1
2369,measured,1
2370,measure,1
2371,mcintosh,1
2372,fingerroot,1
2373,mayo,1
2374,fingers,1
2375,matchsticksize,1
2376,massaged,1
2377,massage,1
2378,fior,1
2379,masher,1
2380,maseca,1
2381,first,1
2382,firstcut,1
2383,fixed,1
2384,martini,1
2385,flageolet,1
2386,marshmallow,1
2387,meattofat,1
2388,meaty,1
2389,finequality,1
2390,meiji,1
2391,filipino,1
2392,mesquite,1
2393,filled,1
2394,membrillo,1
2395,membrane,1
2396,melts,1
2397,filling,1
2398,fillo,1
2399,finecut,1
2400,mediterranean,1
2401,mediumspicy,1
2402,mediumsized,1
2403,mediumripe,1
2404,mediumlength,1
2405,mediumhot,1
2406,mediumfirm,1
2407,mediumfine,1
2408,mediumdry,1
2409,ganache,1
2410,lemonolive,1
2411,clumps,1
2412,insides,1
2413,inner,1
2414,innards,1
2415,inmm,1
2416,ingredients,1
2417,indonesian,1
2418,individualsize,1
2419,individually,1
2420,gruyere,1
2421,india,1
2422,inchthickslices,1
2423,inchmmby,1
2424,guava,1
2425,inchcubed,1
2426,inchcmthick,1
2427,guavas,1
2428,implement,1
2429,immersion,1
2430,iloco,1
2431,ilegal,1
2432,insert,1
2433,instacure,1
2434,jalapeñoinfused,1
2435,grouse,1
2436,jackfruit,1
2437,gristle,1
2438,groats,1
2439,islay,1
2440,island,1
2441,isastegi,1
2442,irú,1
2443,iru,1
2444,grocer,1
2445,groceries,1
2446,irish,1
2447,iranian,1
2448,ipa,1
2449,grocery,1
2450,intoinch,1
2451,inthick,1
2452,internet,1
2453,international,1
2454,intense,1
2455,idaho,1
2456,ichimi,1
2457,iced,1
2458,gutted,1
2459,hatch,1
2460,hijiki,1
2461,highwest,1
2462,hawaiian,1
2463,highpowered,1
2464,highheat,1
2465,highestquality,1
2466,hickorysmoked,1
2467,hero,1
2468,herbsaint,1
2469,herbed,1
2470,herbal,1
2471,hazelnut,1
2472,hazen,1
2473,headnote,1
2474,heidi,1
2475,hefty,1
2476,heavyduty,1
2477,healthy,1
2478,hing,1
2479,hock,1
2480,hocks,1
2481,hamilton,1
2482,hachiya,1
2483,husk,1
2484,hake,1
2485,hakurei,1
2486,house,1
2487,halfemptied,1
2488,hour,1
2489,halvedlayers,1
2490,horseradishyogurt,1
2491,hog,1
2492,horizontally,1
2493,home,1
2494,hollandaise,1
2495,hanout,1
2496,haricot,1
2497,holds,1
2498,hokkaido,1
2499,harina,1
2500,gris,1
2501,jammy,1
2502,garnet,1
2503,lan,1
2504,glazing,1
2505,ladyfingers,1
2506,glitter,1
2507,gloves,1
2508,laces,1
2509,gnocchi,1
2510,label,1
2511,labaneh,1
2512,kümmel,1
2513,kuri,1
2514,kum,1
2515,kra,1
2516,goats,1
2517,kolsch,1
2518,koji,1
2519,goddess,1
2520,koda,1
2521,known,1
2522,knockwurst,1
2523,lambrusco,1
2524,lantern,1
2525,greenstemmed,1
2526,laphroaig,1
2527,lemonflavored,1
2528,garni,1
2529,garnishes,1
2530,generally,1
2531,lee,1
2532,germanstyle,1
2533,giardiniera,1
2534,leather,1
2535,leafshaped,1
2536,giganti,1
2537,gingerbread,1
2538,gingersnap,1
2539,gingersnaps,1
2540,latte,1
2541,last,1
2542,lasagna,1
2543,lars,1
2544,girl,1
2545,glasses,1
2546,goji,1
2547,golf,1
2548,kiwifruits,1
2549,kiwi,1
2550,kalbi,1
2551,kalamansi,1
2552,kaiware,1
2553,kaiser,1
2554,kahlúa,1
2555,kadi,1
2556,jägermeister,1
2557,grappa,1
2558,gratin,1
2559,gravlax,1
2560,joven,1
2561,josh,1
2562,jonagold,1
2563,jointed,1
2564,john,1
2565,jerk,1
2566,grease,1
2567,greased,1
2568,greenleaf,1
2569,grana,1
2570,graffiti,1
2571,kasoori,1
2572,khlass,1
2573,golpar,1
2574,kiss,1
2575,king,1
2576,goma,1
2577,goods,1
2578,goose,1
2579,goosing,1
2580,kidfriendly,1
2581,key,1
2582,kateh,1
2583,kettlecooked,1
2584,kettle,1
2585,ketchupbased,1
2586,got,1
2587,goz,1
2588,kee,1
2589,kecap,1
2590,katzs,1
2591,farm,1
2592,farfalle,1
2593,mortadella,1
2594,creminellis,1
2595,crisps,1
2596,pressing,1
2597,croix,1
2598,press,1
2599,crossways,1
2600,crumbcrust,1
2601,preprep,1
2602,prepped,1
2603,prejuicing,1
2604,prefers,1
2605,precrumbled,1
2606,crumbles,1
2607,pouring,1
2608,pounding,1
2609,pounder,1
2610,crustless,1
2611,poultry,1
2612,pots,1
2613,cubanelle,1
2614,previous,1
2615,creme,1
2616,counter,1
2617,properly,1
2618,couple,1
2619,qtsize,1
2620,courgettes,1
2621,couscous,1
2622,cow,1
2623,cows,1
2624,purified,1
2625,pureed,1
2626,coﬀeespice,1
2627,pumpernickel,1
2628,cranks,1
2629,heath,1
2630,pudding,1
2631,psyllium,1
2632,crayfish,1
2633,creamed,1
2634,creamfilled,1
2635,creamyabout,1
2636,proportion,1
2637,porterhouse,1
2638,culantro,1
2639,culinarygrade,1
2640,cultivated,1
2641,dai,1
2642,dairy,1
2643,dairyfree,1
2644,pit,1
2645,dals,1
2646,damoiseau,1
2647,piquillo,1
2648,piquant,1
2649,darker,1
2650,piper,1
2651,darkgreen,1
2652,dashima,1
2653,dassai,1
2654,pinched,1
2655,davis,1
2656,pimms,1
2657,pimentón,1
2658,pimento,1
2659,dawadawa,1
2660,pitta,1
2661,cutting,1
2662,place,1
2663,cupskg,1
2664,popped,1
2665,cultured,1
2666,pomodoro,1
2667,cultures,1
2668,pollock,1
2669,cupml,1
2670,pois,1
2671,cupsg,1
2672,curaçao,1
2673,plank,1
2674,plátanos,1
2675,plunger,1
2676,cure,1
2677,curls,1
2678,pliers,1
2679,custard,1
2680,cutlet,1
2681,plantain,1
2682,coupe,1
2683,quesillo,1
2684,movietheater,1
2685,ripped,1
2686,rinsedpatted,1
2687,rinse,1
2688,ring,1
2689,colby,1
2690,rindless,1
2691,rimmed,1
2692,coldbrew,1
2693,rigate,1
2694,riesling,1
2695,ridged,1
2696,ridge,1
2697,coldpressed,1
2698,rico,1
2699,collagen,1
2700,collars,1
2701,collins,1
2702,colored,1
2703,ribbed,1
2704,colorings,1
2705,rio,1
2706,rittenhouse,1
2707,coucous,1
2708,coined,1
2709,clusters,1
2710,clásico,1
2711,cmthick,1
2712,rothman,1
2713,rosso,1
2714,rosewater,1
2715,cmxcm,1
2716,coarseflake,1
2717,coarsegrind,1
2718,roma,1
2719,coffeespice,1
2720,roller,1
2721,roja,1
2722,coiled,1
2723,rodshaped,1
2724,rocket,1
2725,robustflavored,1
2726,robustblackstrap,1
2727,robust,1
2728,com,1
2729,reserving,1
2730,replace,1
2731,rennet,1
2732,condiments,1
2733,ravioli,1
2734,ratio,1
2735,cones,1
2736,raselhanout,1
2737,ras,1
2738,rapini,1
2739,ranch,1
2740,containing,1
2741,cook,1
2742,ramekin,1
2743,copes,1
2744,coppa,1
2745,cordyceps,1
2746,cornflowers,1
2747,rabarbaro,1
2748,corns,1
2749,quince,1
2750,quickpickled,1
2751,razor,1
2752,really,1
2753,reblochon,1
2754,refrigerated,1
2755,combier,1
2756,completely,1
2757,compote,1
2758,release,1
2759,reishi,1
2760,regularwidth,1
2761,regans,1
2762,refrigerator,1
2763,refreshment,1
2764,recently,1
2765,refill,1
2766,reeses,1
2767,redwine,1
2768,concentrated,1
2769,reducedfat,1
2770,redskin,1
2771,concern,1
2772,reconstituted,1
2773,pies,1
2774,pierre,1
2775,pierced,1
2776,oaxacan,1
2777,elbows,1
2778,nutmegs,1
2779,emmenthal,1
2780,energ,1
2781,number,1
2782,novo,1
2783,nottoosour,1
2784,notsosecret,1
2785,notes,1
2786,nostress,1
2787,nostir,1
2788,nosalt,1
2789,enough,1
2790,nordic,1
2791,noor,1
2792,envelopes,1
2793,noodlelike,1
2794,nonhydrogenated,1
2795,epazote,1
2796,einkorn,1
2797,ocean,1
2798,pico,1
2799,eighths,1
2800,order,1
2801,orangeginger,1
2802,orangeflower,1
2803,easily,1
2804,optionally,1
2805,open,1
2806,east,1
2807,eaudevie,1
2808,onebowl,1
2809,omitting,1
2810,edamame,1
2811,olla,1
2812,eggsbeaten,1
2813,egusi,1
2814,olio,1
2815,okinawan,1
2816,oils,1
2817,oilcured,1
2818,eight,1
2819,none,1
2820,epicurious,1
2821,nonalcoholic,1
2822,nocook,1
2823,excluding,1
2824,nantucket,1
2825,naan,1
2826,expressed,1
2827,musir,1
2828,muscovado,1
2829,extrastrong,1
2830,mung,1
2831,eyes,1
2832,multibranched,1
2833,mullets,1
2834,fajita,1
2835,muenster,1
2836,muellers,1
2837,muddler,1
2838,famous,1
2839,msg,1
2840,mozzarellatype,1
2841,fancy,1
2842,narrow,1
2843,nasturtium,1
2844,except,1
2845,nem,1
2846,noaddedsalt,1
2847,niçoise,1
2848,nine,1
2849,nibs,1
2850,next,1
2851,nestlé,1
2852,nero,1
2853,neri,1
2854,negra,1
2855,evenly,1
2856,negi,1
2857,needlenose,1
2858,equator,1
2859,equivalent,1
2860,espadin,1
2861,necks,1
2862,etc,1
2863,even,1
2864,oreo,1
2865,dumettes,1
2866,oval,1
2867,pastel,1
2868,delicate,1
2869,delistyle,1
2870,demibaguette,1
2871,pectin,1
2872,pecorinoromano,1
2873,denver,1
2874,dep,1
2875,deribbed,1
2876,peasy,1
2877,descaled,1
2878,pearls,1
2879,pearled,1
2880,dewars,1
2881,diagonally,1
2882,different,1
2883,dijonstyle,1
2884,ding,1
2885,patna,1
2886,pat,1
2887,dehydrated,1
2888,peppercorn,1
2889,dehraduni,1
2890,petits,1
2891,dea,1
2892,pickledbriny,1
2893,deal,1
2894,deboned,1
2895,picholine,1
2896,picante,1
2897,debris,1
2898,peychaud,1
2899,pete,1
2900,deglet,1
2901,deepcolored,1
2902,deepdiagonal,1
2903,deepdish,1
2904,pernod,1
2905,perforated,1
2906,perfectly,1
2907,percentage,1
2908,peppery,1
2909,pastrami,1
2910,dirt,1
2911,dulcey,1
2912,passover,1
2913,drain,1
2914,draining,1
2915,palabok,1
2916,pajeon,1
2917,page,1
2918,padrón,1
2919,padano,1
2920,drink,1
2921,packets,1
2922,drunk,1
2923,pacifico,1
2924,ducks,1
2925,dues,1
2926,dukkah,1
2927,oxtails,1
2928,overripe,1
2929,overproof,1
2930,dulce,1
2931,ovensafe,1
2932,palegreens,1
2933,palmful,1
2934,palmsize,1
2935,ditali,1
2936,passionfruit,1
2937,passion,1
2938,passing,1
2939,discard,1
2940,partskim,1
2941,partida,1
2942,disco,1
2943,parmesanstyle,1
2944,parma,1
2945,dowel,1
2946,paring,1
2947,parcooked,1
2948,ditalini,1
2949,djan,1
2950,pappadum,1
2951,doughroom,1
2952,doveshaped,1
2953,panfried,1
2954,lettuces,1
